port,Balanced200,FairUnbalanced200,Unbalanced200
baton_rouge,0.5298611111111111,0.53,0.5190277777777778
new_orleans,0.5258333333333334,0.526,0.49991666666666673
south_louisiana,0.5298611111111111,0.53,0.5190277777777778
gulfport,0.4604166666666667,0.4604166666666667,0.42874999999999996
