port,Unbalanced200,FairUnbalanced200,fair_gain
gulfport,0.42874999999999996,0.4604166666666667,0.03166666666666673
south_louisiana,0.5190277777777778,0.53,0.010972222222222272
