port,Unbalanced200,FairUnbalanced200,fair_gain
gulfport,0.4176875,0.4564375,0.03875000000000001
south_louisiana,0.5145416666666667,0.535875,0.021333333333333315
